id,burst,arrival,priority
A,6,0,0
B,4,1,1
C,8,2,2
D,3,4,3
E,5,6,1
F,5,6,1
G,7,8,2
H,2,9,0
I,6,10,3
J,4,11,1
K,9,13,2
L,3,14,0
M,5,15,3
N,7,16,1
O,4,17,2
P,6,18,0
Q,3,19,1
R,8,20,3
S,2,21,2
T,5,22,0
U,6,23,1
V,4,24,3
W,7,25,2
X,3,26,0
Y,9,27,1
Z,5,28,2
A1,4,29,3
B1,6,30,0
C1,3,31,1
D1,7,32,2
E1,5,33,3
F1,8,34,0
G1,2,35,1
H1,6,36,2
I1,4,37,3
J1,9,38,0
K1,3,39,1
L1,5,40,2
M1,7,41,3
N1,4,42,0
O1,6,43,1
P1,2,44,2
Q1,8,45,3
R1,5,46,0
S1,3,47,1
T1,7,48,2
U1,4,49,3
V1,6,50,0
W1,9,51,1
X1,3,52,2
